<appointment> <apptid></apptid> <lmsid></lmsid> <crmid></crmid> <siebelid></siebelid> <leadgenerator></leadgenerator> <openquote></openquote> <createddt>11/07/2016 06:52:59 AM</createddt> <modifieddt></modifieddt> <refacingtype>K</refacingtype> <zipcode>30123</zipcode> <customerterritory>AT</customerterritory> <apptdate>11/11/2016</apptdate> <appttime>3:00 PM</appttime> <firstname>dfgsdf</firstname> <lastname>sdfdsf</lastname> <coowner></coowner> <streetaddress></streetaddress> <addressline2></addressline2> <crossstreet></crossstreet> <city>Cassville</city> <state>GA</state> <phoneno>4234234234</phoneno> <secondaryno></secondaryno> <thirdno></thirdno> <email>christusajin@hotmail.com</email> <comments></comments> <sc_assoc></sc_assoc> <sc_ver></sc_ver> <associateid></associateid> <storeno></storeno> <usr_isp></usr_isp> <prospectid>DRS</prospectid> <callbackno></callbackno> <reference></reference> <source>RemapMicrosite</source> <telerepid>20000</telerepid> <dwelling></dwelling> <community_name></community_name> <house_color></house_color> <result>ST</result> <specialoffers></specialoffers> <RefStore>4608</RefStore> <company_id>4</company_id> </appointment>