<appointment>
				<apptid>RS </apptid>
				<lmsid>-9</lmsid>
				<createddt>11/11/2016 01:18:34 PM</createddt>
				<modifieddt>11/11/2016 01:18:34 PM</modifieddt> 
				<refacingtype>K</refacingtype>
				<zipcode>30123</zipcode>
				<apptdate>11/12/2016</apptdate>
				<appttime>3:00 PM</appttime>
				<firstname>chris</firstname>
				<lastname>test</lastname>
				<coowner/>
				<streetaddress>test</streetaddress>
				<addressline2/>
				<crossstreet/>
				<city>Cassville</city>
				<state>GA</state>
				<phoneno>9788787897</phoneno>
				<secondaryno/> 
				<thirdno/>
				<email>chris@nathanresearch.com</email>
				<comments></comments>
				<sc_assoc/>
				<sc_ver/>
				<associateid>1231232</associateid>
				<storeno>1231</storeno>
				<usr_isp/>
				<prospectid>RS 0716O</prospectid>
				<callbackno></callbackno>
				<reference>Store Associate - Siebel</reference>
				<source>web</source>
				<telerepid/>
				<dwelling/>
				<community_name/>
				<house_color/>
				<result>ST</result>
				<specialoffers>False</specialoffers>
				<RefStore>4608</RefStore>
				<company_id>4</company_id>
				</appointment>