<appointment> <apptid>RS </apptid> <lmsid>-9</lmsid><crmid/> <createddt>11/07/2016 09:01:19 AM</createddt> <modifieddt>11/07/2016 09:01:19 AM</modifieddt> <refacingtype>K</refacingtype> <zipcode>30123</zipcode> <apptdate>11/11/2016</apptdate> <appttime>3:00 PM</appttime> <firstname>dsf</firstname> <lastname>dfdsf</lastname> <coowner/> <streetaddress>sdfsdf</streetaddress> <addressline2/> <crossstreet/> <city>Cassville</city> <state>GA</state> <phoneno>3533242343</phoneno> <secondaryno/> <thirdno/> <email>christusajin@hotmail.com</email> <comments></comments> <sc_assoc/> <sc_ver/> <associateid></associateid> <storeno></storeno> <usr_isp/> <prospectid>RS 0716O</prospectid> <callbackno></callbackno> <reference>Store Associate - Siebel</reference> <source>web</source> <telerepid/> <dwelling/> <community_name/> <house_color/> <result>ST</result> <specialoffers>False</specialoffers> <RefStore>4608</RefStore> <company_id>4</company_id> </appointment>