<appointment> <apptid>RS </apptid> <lmsid>-9</lmsid><crmid/> <createddt>11/07/2016 08:19:27 AM</createddt> <modifieddt>11/07/2016 08:19:27 AM</modifieddt> <refacingtype>K</refacingtype> <zipcode>30123</zipcode> <apptdate>11/10/2016</apptdate> <appttime></appttime> <firstname>dsfdsf</firstname> <lastname>dsfsdf</lastname> <coowner/> <streetaddress></streetaddress> <addressline2/> <crossstreet/> <city>Cassville</city> <state>GA</state> <phoneno>5324234324</phoneno> <secondaryno/> <thirdno/> <email>christusajin@hotmail.com</email> <comments></comments> <sc_assoc/> <sc_ver/> <associateid></associateid> <storeno></storeno> <usr_isp/> <prospectid>RS 0716O</prospectid> <callbackno>8003877594</callbackno> <reference>Store Associate - Siebel</reference> <source>web</source> <telerepid/> <dwelling/> <community_name/> <house_color/> <result>ST</result> <specialoffers>False</specialoffers> <RefStore>4608</RefStore> <company_id>4</company_id> </appointment>