<appointment>
				<apptid>RS </apptid>
				<lmsid>-9</lmsid>
				<createddt>11/08/2016 10:17:27 AM</createddt>
				<modifieddt>11/08/2016 10:17:27 AM</modifieddt> 
				<refacingtype>K</refacingtype>
				<zipcode>30123</zipcode>
				<apptdate>11/11/2016</apptdate>
				<appttime>3:00 PM</appttime>
				<firstname>fghf</firstname>
				<lastname>hfghfgh</lastname>
				<coowner/>
				<streetaddress>fghfgh</streetaddress>
				<addressline2/>
				<crossstreet/>
				<city>Cassville</city>
				<state>GA</state>
				<phoneno>4564565465</phoneno>
				<secondaryno/> 
				<thirdno/>
				<email>christusajin@hotmail.com</email>
				<comments>rtyrty</comments>
				<sc_assoc/>
				<sc_ver/>
				<associateid>4564654</associateid>
				<storeno>4564</storeno>
				<usr_isp/>
				<prospectid>RS 0716O</prospectid>
				<callbackno></callbackno>
				<reference>Store Associate - Siebel</reference>
				<source>web</source>
				<telerepid/>
				<dwelling/>
				<community_name/>
				<house_color/>
				<result>ST</result>
				<specialoffers>False</specialoffers>
				<RefStore>4608</RefStore>
				<company_id>4</company_id>
				</appointment>