 <appointment> <apptid>RS </apptid> <lmsid>-9</lmsid><crmid/> <createddt>07/16/2016 2:03:41 PM</createddt> <modifieddt>07/16/2016 2:03:41 PM</modifieddt> <refacingtype>O</refacingtype> <zipcode>30123</zipcode> <apptdate>11/02/2016</apptdate> <appttime>9:00 AM</appttime> <firstname>Kathy</firstname> <lastname>Bainbridge</lastname> <coowner/> <streetaddress>528 10th St SE</streetaddress> <addressline2/> <crossstreet/> <city>WASHINGTON</city> <state>DC</state> <phoneno>964343435</phoneno> <secondaryno/> <thirdno/> <email>kbbridge@gmail.com</email> <comments>At least 3 closets: linen bedroom office</comments> <sc_assoc/> <sc_ver/> <associateid>bjp1747</associateid> <storeno>2583</storeno> <usr_isp/> <prospectid>RS 0716O</prospectid> <callbackno>8003877594</callbackno> <reference>Store Associate - Siebel</reference> <source>web</source> <telerepid/> <dwelling/> <community_name/> <house_color/> <result>ST</result> <specialoffers>False</specialoffers> <RefStore>4608</RefStore> <company_id>4</company_id> </appointment>