<appointment> <apptid>RS </apptid> <lmsid>-9</lmsid><crmid/> <createddt>11/07/2016 01:02:24 PM</createddt> <modifieddt>11/07/2016 01:02:24 PM</modifieddt> <refacingtype>K</refacingtype> <zipcode>30123</zipcode> <apptdate>11/11/2016</apptdate> <appttime>3:00 PM</appttime> <firstname>sdfs</firstname> <lastname>dfsdfsdf</lastname> <coowner/> <streetaddress>sdfsdf</streetaddress> <addressline2/> <crossstreet/> <city>Cassville</city> <state>GA</state> <phoneno>2342432432</phoneno> <secondaryno/> <thirdno/> <email>chris@nathanresearch.com</email> <comments>test</comments> <sc_assoc/> <sc_ver/> <associateid>3242342</associateid> <storeno>2432</storeno> <usr_isp/> <prospectid>RS 0716O</prospectid> <callbackno></callbackno> <reference>Store Associate - Siebel</reference> <source>web</source> <telerepid/> <dwelling/> <community_name/> <house_color/> <result>ST</result> <specialoffers>False</specialoffers> <RefStore>4608</RefStore> <company_id>4</company_id> </appointment>